<?xml version="1.0" encoding="UTF-8"?>
<addon id="plugin.audio.hotspot" version="0.9.0" name="Hotspot" provider-name="Stargazer">
    <requires>
        <import addon="xbmc.python" version="2.14.0"/>
    </requires>
    <extension point="xbmc.python.pluginsource" library="addon.py">
        <provides>audio</provides>
    </extension>
    <extension point="xbmc.addon.metadata">
        <platform>all</platform>
        <summary lang="en">Spotify streaming</summary>
        <description>Spotify streaming add-on for Kodi. Requires a Spotify Premium account.</description>
        <disclaimer>
            This add-on uses SPOTIFY(R) CORE but is not endorsed, certified or otherwise approved in any way by Spotify. Spotify is the registered trade mark of the Spotify Group. 
        </disclaimer>
    </extension>
</addon>
